<?xml version="1.0" encoding="UTF-8"?>
<project-private xmlns="http://www.netbeans.org/ns/project-private/1">
    <editor-bookmarks xmlns="http://www.netbeans.org/ns/editor-bookmarks/2" lastBookmarkId="0"/>
    <open-files xmlns="http://www.netbeans.org/ns/projectui-open-files/2">
        <group>
            <file>file:/C:/Users/hugov/Documents/NetBeansProjects/imobiliaria/web/index.jsp</file>
            <file>file:/C:/Users/hugov/Documents/NetBeansProjects/imobiliaria/web/sobre.jsp</file>
            <file>file:/C:/Users/hugov/Documents/NetBeansProjects/imobiliaria/web/imovel-detalhes.jsp</file>
            <file>file:/C:/Users/hugov/Documents/NetBeansProjects/imobiliaria/web/contatos.jsp</file>
            <file>file:/C:/Users/hugov/Documents/NetBeansProjects/imobiliaria/web/css/style.css</file>
            <file>file:/C:/Users/hugov/Documents/NetBeansProjects/imobiliaria/web/config.jsp</file>
            <file>file:/C:/Users/hugov/Documents/NetBeansProjects/imobiliaria/web/corretores.jsp</file>
        </group>
    </open-files>
</project-private>
